Art. nr. vores;Art. nr. deres; Ind netto ;kr. v/ kurs;Fragt ;Handling;Ind incl.;Vejl. udsalg;Vejl. udsalg;Vejl. udsalg;Vejl. udsalg;Vejl. udsalg;Vejl. udsalg;Vejl. udsalg;Vejl. udsalg;Vejl. udsalg;% tillæg;Før pris;;;;;;;;
;; i kurs ;"7,50";GNS;;  fragt ; Pris 1 ; Pris 2 ; Pris 3 ; Pris 4 ; Pris 5 ; Pris 6 ; Pris 7 ; Reseller ; EAN ;;;;;;;;;;
;;;;;;;;;;;;;;;;;;;;;;;;;
D13A4P;D13A4P;"1,09 €";"8,18";"1,04";"0,57";"9,79";"20,55";"18,60";"15,66";"15,17";"14,68";;;"14,19";"15,66";"100,00%";"0,00";;;;;;;;
2D13A4P;2D13A4P;"1,07 €";"8,03";"1,17";"0,56";"9,76";"20,49";"18,54";"15,61";"15,12";"14,64";;;"14,15";"15,61";"100,00%";"0,00";;;;;;;;
3D13A4P;3D13A4P;"3,09 €";"23,18";"2,34";"1,62";"27,14";"56,99";"51,56";"43,42";"42,06";"40,71";;;"39,35";"43,42";"100,00%";"0,00";;;;;;;;
4D13A4P;4D13A4P;"4,20 €";"31,50";"3,13";"2,21";"36,84";"77,35";"69,99";"58,94";"57,09";"55,25";;;"53,41";"58,94";"100,00%";"0,00";;;;;;;;
P13A4P;P13A4P;"1,07 €";"8,03";"0,78";"0,56";"9,37";"19,67";"17,80";"14,99";"14,52";"14,05";;;"13,58";"14,99";"100,00%";"0,00";;;;;;;;
DA5P;DA5P;"1,57 €";"11,78";"1,25";"0,82";"13,85";"29,08";"26,31";"22,16";"21,47";"20,77";;;"20,08";"22,16";"100,00%";"0,00";;;;;;;;
2DA5P;2DA5P;"1,95 €";"14,63";"1,25";"1,02";"16,90";"35,49";"32,11";"27,04";"26,19";"25,35";;;"24,50";"27,04";"100,00%";"0,00";;;;;;;;
3DA5P;3DA5P;"3,38 €";"25,35";"3,13";"1,77";"30,25";"63,53";"57,48";"48,41";"46,89";"45,38";;;"43,87";"48,41";"100,00%";"0,00";;;;;;;;
4DA5P;4DA5P;"5,23 €";"39,23";"6,25";"2,75";"48,22";"101,26";"91,62";"77,15";"74,74";"72,33";;;"69,92";"77,15";"100,00%";"0,00";;;;;;;;
PA5P;PA5P;"1,62 €";"12,15";"1,04";"0,85";"14,04";"29,49";"26,68";"22,46";"21,76";"21,06";;;"20,36";"22,46";"100,00%";"0,00";;;;;;;;
DA4P;DA4P;"2,98 €";"22,35";"3,13";"1,56";"27,04";"51,11";"46,25";"38,94";"37,73";"36,51";;;"39,21";"38,94";"90,00%";"0,00";;;;;;;;
2DA4P;2DA4P;"3,50 €";"26,25";"4,17";"1,84";"32,26";"67,74";"61,29";"51,61";"50,00";"48,39";;;"46,77";"51,61";"100,00%";"0,00";;;;;;;;
3DA4P;3DA4P;"6,33 €";"47,48";"4,70";"3,32";"55,50";"116,55";"105,45";"88,80";"86,02";"83,25";;;"80,47";"88,80";"100,00%";"0,00";;;;;;;;
4DA4P;4DA4P;"9,30 €";"69,75";"0,00";"4,88";"74,63";"156,73";"141,80";"119,41";"115,68";"111,95";;;"108,22";"119,41";"100,00%";"0,00";;;;;;;;
PA4P;PA4P;"3,00 €";"22,50";"2,08";"1,58";"26,16";"57,01";"51,77";"43,93";"42,62";"41,31";;;"40,00";"43,93";"100,00%";"0,00";;;;;;;;
4VCS95;4VCS95;"1,23 €";"9,23";"0,63";"0,65";"10,50";"22,05";"19,95";"16,80";"16,28";"15,75";"14,70";;"15,23";"16,80";"100,00%";"0,00";;;;;;;;
VCR92;VCR92;"0,31 €";"2,33";"0,63";"0,16";"3,12";"6,55";"5,92";"4,99";"4,83";"4,68";"4,36";;"4,52";"4,99";"100,00%";"0,00";;;;;;;;
SCS2xA4;SCS2xA4;" 41,98 € ";315;120;16;315;828;797;765;734;699;;;640;797;"100,00%";"0,00";;;;;;;;
SCS3xA4;SCS3xA4;" 50,12 € ";376;120;19;376;966;928;891;853;812;;;740;928;"100,00%";"0,00";;;;;;;;
SCS4xA4;SCS4xA4;" 56,73 € ";425;120;21;425;1077;1035;992;950;903;;;822;1035;"100,00%";"0,00";;;;;;;;
SCS6xA4;SCS6xA4;" 64,94 € ";487;120;24;487;1216;1167;1118;1070;1016;;;924;1167;"100,00%";"0,00";;;;;;;;
SCS8xA4;SCS8xA4;" 73,21 € ";549;120;27;549;1355;1301;1246;1191;1130;;;1026;1301;"100,00%";"0,00";;;;;;;;
SCS9xA4;SCS9xA4;" 81,93 € ";614;175;31;614;1558;1496;1435;1373;1306;;;1189;1496;"100,00%";"0,00";;;;;;;;
SCS12xA4;SCS12xA4;" 92,77 € ";696;175;35;696;1740;1671;1601;1532;1455;;;1323;1671;"100,00%";"0,00";;;;;;;;
SCXS1xA4C9005;SCXS1xA4C9005;" € 17,69 ";133;120;7;133;419;405;392;379;364;;;339;405;"100,00%";"0,00";;;;;;;;
SCXS2xA4C9005;SCXS2xA4C9005;" € 25,16 ";189;120;9;189;545;526;507;488;467;;;431;526;"100,00%";"0,00";;;;;;;;
SCXS3xA4C9005;SCXS3xA4C9005;" € 32,21 ";242;120;12;242;664;639;615;591;564;;;519;639;"100,00%";"0,00";;;;;;;;
SCXS4xA4C9005;SCXS4xA4C9005;" € 38,47 ";289;120;14;289;769;740;711;683;651;;;596;740;"100,00%";"0,00";;;;;;;;
SCXS6xA4C9005;SCXS6xA4C9005;" € 49,12 ";368;120;18;368;949;912;875;838;798;;;728;912;"100,00%";"0,00";;;;;;;;
SCXS8xA4C9005;SCXS8xA4C9005;" € 55,65 ";417;120;21;417;1059;1017;976;934;888;;;809;1017;"100,00%";"0,00";;;;;;;;
SCXS9xA4C9005;SCXS9xA4C9005;" € 61,40 ";461;120;23;461;1156;1110;1064;1018;967;;;880;1110;"100,00%";"0,00";;;;;;;;
SCXS12xA4C9005;SCXS12xA4C9005;" € 78,37 ";588;175;29;588;1497;1439;1380;1321;1257;;;1145;1439;"100,00%";"0,00";;;;;;;;
SCXS1xA4;SCXS1xA4;" € 16,41 ";123;120;6;123;397;385;372;360;346;;;323;385;"100,00%";"0,00";;;;;;;;
SCXS2xA4;SCXS2xA4;" € 22,91 ";172;120;9;172;507;489;472;455;436;;;404;489;"100,00%";"0,00";;;;;;;;
SCXS3xA4;SCXS3xA4;" € 30,09 ";226;120;11;226;628;605;583;560;535;;;492;605;"100,00%";"0,00";;;;;;;;
SCXS4xA4;SCXS4xA4;" € 35,28 ";265;120;13;265;715;689;662;636;607;;;557;689;"100,00%";"0,00";;;;;;;;
SCXS6xA4;SCXS6xA4;" € 45,87 ";344;120;17;344;894;860;825;791;753;;;688;860;"100,00%";"0,00";;;;;;;;
SCXS8xA4;SCXS8xA4;" € 54,57 ";409;120;20;409;1041;1000;959;918;873;;;795;1000;"100,00%";"0,00";;;;;;;;
SCXS9xA4;SCXS9xA4;" € 63,31 ";475;120;24;475;1188;1141;1093;1046;994;;;903;1141;"100,00%";"0,00";;;;;;;;
SCXS12xA4;SCXS12xA4;" € 70,19 ";526;175;26;526;1359;1307;1254;1202;1144;;;1044;1307;"100,00%";"0,00";;;;;;;;
SCXSC1xA4;SCXSC1xA4;" kr. 17,48 ";131;120;7;131;415;402;389;376;361;;;336;402;"100,00%";"0,00";;;;;;;;
SCXSC2xA4;SCXSC2xA4;" kr. 22,98 ";172;120;9;172;508;491;473;456;437;;;404;491;"100,00%";"0,00";;;;;;;;
SCXSC3xA4;SCXSC3xA4;" kr. 30,74 ";231;120;12;231;639;616;593;570;544;;;500;616;"100,00%";"0,00";;;;;;;;
SCXSC4xA4;SCXSC4xA4;" kr. 36,30 ";272;120;14;272;733;705;678;651;621;;;569;705;"100,00%";"0,00";;;;;;;;
SCXSC6xA4;SCXSC6xA4;" kr. 48,37 ";363;120;18;363;936;900;864;827;788;;;719;900;"100,00%";"0,00";;;;;;;;
SCXSC8xA4;SCXSC8xA4;" kr. 57,30 ";430;120;21;430;1087;1044;1001;958;911;;;829;1044;"100,00%";"0,00";;;;;;;;
SCXSC9xA4;SCXSC9xA4;" kr. 64,45 ";483;175;24;483;1263;1214;1166;1118;1064;;;973;1214;"100,00%";"0,00";;;;;;;;
SCXSC12xA4;SCXSC12xA4;" kr. 87,18 ";654;175;33;654;1646;1581;1515;1450;1378;;;1254;1581;"100,00%";"0,00";;;;;;;;
SCPOST-250 cm;SCPOST;"134,64 €";1010;525;50;1010;2797;2696;2595;2494;2383;;;2191;2696;"100,00%";"0,00";;;;;;;;
SCS2xA4;SCS2xA4;" 41,98 € ";315;120;;315;813;781;750;718;684;;;624;781;"100,00%";"0,00";;;;;;;;
SCS3xA4;SCS3xA4;" 50,12 € ";376;120;;376;947;909;872;834;793;;;721;909;"100,00%";"0,00";;;;;;;;
SCS4xA4;SCS4xA4;" 56,73 € ";425;120;;425;1056;1013;971;928;882;;;801;1013;"100,00%";"0,00";;;;;;;;
SCS6xA4;SCS6xA4;" 64,94 € ";487;120;;487;1192;1143;1094;1045;992;;;899;1143;"100,00%";"0,00";;;;;;;;
SCS8xA4;SCS8xA4;" 73,21 € ";549;120;;549;1328;1273;1218;1163;1103;;;999;1273;"100,00%";"0,00";;;;;;;;
SCS9xA4;SCS9xA4;" 81,93 € ";614;175;;614;1527;1465;1404;1343;1275;;;1158;1465;"100,00%";"0,00";;;;;;;;
SCS12xA4;SCS12xA4;" 92,77 € ";696;175;;696;1706;1636;1567;1497;1420;;;1288;1636;"100,00%";"0,00";;;;;;;;
DTSTGW10C9005;DTSTGW10C9005;" 84,92 € ";637;135;;637;1536;1472;1409;1345;1275;;;1218;1472;"100,00%";"0,00";;;;;;;;
DTSTGW13C9005;DTSTGW13C9005;" 93,62 € ";702;100;;702;1645;1575;1504;1434;1357;;;1294;1575;"100,00%";"0,00";;;;;;;;
DTSTGW13C9003;DTSTGW13C9003;" 87,41 € ";656;100;;656;1542;1477;1411;1346;1273;;;1214;1477;"100,00%";"0,00";;;;;;;;
DTSTGC10C9005;DTSTGC10C9005;" 85,76 € ";643;100;;643;1515;1451;1386;1322;1251;;;1193;1451;"100,00%";"0,00";;;;;;;;
DTSTGW7C9003;DTSTGW7C9003;" 74,40 € ";558;100;;558;1328;1272;1216;1160;1099;;;1049;1272;"100,00%";"0,00";;;;;;;;
DTSTGW10C9003;DTSTGW10C9003;" 79,59 € ";597;100;;597;1413;1354;1294;1234;1168;;;1115;1354;"100,00%";"0,00";;;;;;;;
DTSTGT10;DTSTGT10;"103,65";777;100;;777;1810;1732;1655;1577;1492;;;1422;1732;"100,00%";"0,00";;;;;;;;
DTSTGT13;DTSTGT13;"112,24";842;100;;842;1952;1868;1784;1699;1607;;;1531;1868;"100,00%";"0,00";;;;;;;;
DTSA20FC9003;DTSA20FC9003;" 124,44 € ";933;100;;933;2153;2060;1967;1873;1771;;;1687;2060;"100,00%";"0,00";;;;;;;;
DTSEA20;DTSEA20;" 56,92 € ";427;100;;427;1039;996;954;911;864;;;826;996;"100,00%";"0,00";;;;;;;;
DTSES20;DTSES20;" 58,05 € ";435;100;;435;1058;1014;971;927;879;;;840;1014;"100,00%";"0,00";;;;;;;;
DTSS20FC9003;DTSS20FC9003;" 123,75 € ";928;100;;928;2142;2049;1956;1863;1761;;;1678;2049;"100,00%";"0,00";;;;;;;;
DTSA20CC9003;DTSA20CC9003;" 57,38 € ";430;100;;430;1047;1004;961;918;870;;;832;1004;"100,00%";"0,00";;;;;;;;
DTSS20CC9003;DTSS20CC9003;" 56,70 € ";425;100;;425;1036;993;951;908;861;;;823;993;"100,00%";"0,00";;;;;;;;
DTSA20WFC9003;DTSA20WFC9003;" 72,20 € ";542;100;;542;1291;1237;1183;1129;1069;;;1021;1237;"100,00%";"0,00";;;;;;;;
DTSA20WC9003HVID;DTSA20WC9003;" 55,68 € ";418;100;;418;1019;977;935;893;848;;;810;977;"100,00%";"0,00";;;;;;;;
DTSS20WC9003HVID;DTSS20WC9003;" 64,60 € ";485;100;;485;1166;1117;1069;1021;967;;;924;1117;"100,00%";"0,00";;;;;;;;
DTSTGC13C9005;DTSTGC13C9005;" 94,35 € ";708;100;;708;1657;1586;1515;1444;1367;;;1303;1586;"100,00%";"0,00";;;;;;;;
DTSTGW7C9005;DTSTGW7C9005;" 72,19 € ";541;100;;541;1291;1237;1183;1129;1069;;;1020;1237;"100,00%";"0,00";;;;;;;;
DTSTGS10;DTSTGS10;" 107,61 € ";807;100;;807;1876;1795;1714;1633;1545;;;1472;1795;"100,00%";"0,00";;;;;;;;
DTSTGS13;DTSTGS13;" 116,23 € ";872;100;;872;2018;1931;1843;1756;1660;;;1582;1931;"100,00%";"0,00";;;;;;;;
DITWALL43ESF;;" 887,12 € ";6653;100;;6653;14737;14072;13407;12741;12010;;;11411;14072;"100,00%";"0,00";;;;;;;;
DITWALL43C9005ESF;DITWALL43ESF;" 887,12 € ";6653;100;;6653;14737;14072;13407;12741;12010;;;11411;14072;"100,00%";"0,00";;;;;;;;
DITWALL43C9003ESF;DITWALL43C9003ESF;" 887,12 € ";6653;100;;6653;14737;14072;13407;12741;12010;;;11411;14072;"100,00%";"0,00";;;;;;;;
DITTOTEM32ESF;;" 1.214,11 € ";9106;100;;9106;20133;19222;18312;17401;16399;;;15580;19222;"100,00%";"0,00";;;;;;;;
DITTOTEM32C9005ESF;DITTOTEM43ESF;" 1.214,11 € ";9106;100;;9106;20133;19222;18312;17401;16399;;;15580;19222;"100,00%";"0,00";;;;;;;;
DITTOTEM32C9003ESF;DITTOTEM43C9003ESF;" 1.214,11 € ";9106;100;;9106;20133;19222;18312;17401;16399;;;15580;19222;"100,00%";"0,00";;;;;;;;
BCSE;BCSE;" 99,29 € ";745;113;;745;1378;;;;;;;1118;1323;"100,00%";"0,00";;;;;;;;
BCSESR;BCSEKR;" 316,91 € ";2377;113;;2377;3915;;;;;;;3321;3759;"100,00%";"0,00";;;;;;;;
ALUGA2;ZPA2G32ME;"29,59 €";222;100;;222;522;488;455;;;;;400;488;"100,00%";"0,00";;;;;;;;
ALUGA1;ZPA1G32ME;"39,00 €";293;100;;293;656;612;568;;;;;495;612;"100,00%";"0,00";;;;;;;;
ALUGA0;ZPA0G32ME;"62,84 €";471;100;;471;995;925;854;;;;;736;925;"100,00%";"0,00";;;;;;;;
ALUG50x70;ZP50x70G32ME;"35,00 €";263;100;;263;599;559;520;;;;;454;559;"100,00%";"0,00";;;;;;;;
ALUG70x100;ZP70x100G32ME;"49,00 €";368;100;;368;798;743;688;;;;;596;743;"100,00%";"0,00";;;;;;;;
DSVESAB;DSVESAB;"301,56";2262;100;;2262;4397;4058;3719;3673;3606;;;3153;4058;"100,00%";"0,00";;;;;;;;
DSVESAP;DSVESAP;"186,39";1398;100;;1398;2756;2546;2337;2309;2267;;;1987;2546;"100,00%";"0,00";;;;;;;;
DSVESAT;DSVESAT;"454,70 €";3410;1000;;3410;7479;6968;6456;6388;6286;;;5604;6968;"100,00%";"0,00";;;;;;;;
DSVESA;DSVESA;"114,70 €";860;100;;860;1734;1605;1476;1459;1433;;;1261;1605;"100,00%";"0,00";;;;;;;;
DSVESAFT;DSVESAFT;"68,19 €";511;100;;511;1072;995;918;908;893;;;790;995;"100,00%";"0,00";;;;;;;;
DSVESAHWF;DSVESAHWF;"12,45 €";93;125;;93;302;288;274;273;270;;;251;288;"100,00%";"0,00";;;;;;;;
SMCSS;SMCSS;"26,04 €";195;113;;308;492;477;446;;;;;400;459;"100,00%";"0,00";;;;;;;;
SMRBSBL;SMRBSBL;"112,89 €";847;113;;959;1535;1487;1391;;;;;1247;1429;"100,00%";"0,00";;;;;;;;
SRA4G25C9005SORT;KRA4G25C9005;" 3,87 € ";29;;;29;101;94;83;79;75;72;;72;94;"130,00%";"0,00";;;;;;;;
SRA3G25C9005SORT;KRA3G25C9005;" 4,97 € ";37;;;37;130;120;107;102;97;92;;92;120;"130,00%";"0,00";;;;;;;;
SRA2G25C9005SORT;KRA2G25C9005;" 7,00 € ";53;;;53;183;171;150;143;137;128;;116;171;"130,00%";"0,00";;;;;;;;
SRA1G25C9005SORT;KRA1G25C9005;" 11,13 € ";83;;;83;291;271;239;228;217;206;;206;271;"130,00%";"0,00";;;;;;;;
SRA0G25C9005SORT;KRA0G25C9005;" 19,51 € ";146;;;146;571;512;457;438;418;399;;380;512;"130,00%";"0,00";;;;;;;;
SR50x70G25C9005SORT;KR50x70G25C9005;" 8,43 € ";63;;;63;219;205;181;173;164;156;;156;205;"130,00%";"0,00";;;;;;;;
SR60x80G25C9005SORT;KR60x80G25C9005;" 19,51 € ";146;;;146;199;;;;;;;167;199;"130,00%";"0,00";;;;;;;;
SR70x100G25C9005SORT;KR70x100G25C9005;"15,01 €";113;;;113;351;322;293;285;271;256;;256;322;"130,00%";"0,00";;;;;;;;
SRA4G25C9003HVID;KRA4G25C9003;" 3,87 € ";29;;;29;101;94;83;79;75;72;;72;94;"130,00%";"0,00";;;;;;;;
SRA3G25C9003HVID;KRA3G25C9003;" 4,97 € ";37;;;37;130;120;107;102;97;92;;92;120;"130,00%";"0,00";;;;;;;;
SRA2G25C9003HVID;KRA2G25C9003;" 7,00 € ";53;;;53;183;171;150;143;137;128;;116;171;"130,00%";"0,00";;;;;;;;
SRA1G25C9003HVID;KRA1G25C9003;" 11,13 € ";83;;;83;291;271;239;228;217;206;;206;271;"130,00%";"0,00";;;;;;;;
SRA0G25C9003HVID;KRA0G25C9003;" 19,51 € ";146;;;146;571;512;457;438;418;399;;380;512;"130,00%";"0,00";;;;;;;;
SR50x70G25C9003HVID;KR50x70G25C9003;" 8,26 € ";62;;;62;214;201;177;169;161;153;;153;201;"130,00%";"0,00";;;;;;;;
SR70x100G25C9003HVID;KR70x100G25C9003;" 15,01 € ";113;;;113;351;322;293;285;271;256;;256;322;"130,00%";"0,00";;;;;;;;
SRA4G25C3020RØD;KRA4G25C3020;" 3,87 € ";29;;;29;101;94;83;79;75;72;;72;94;"130,00%";"0,00";;;;;;;;
SRA3G25C3020RØD;KRA3G25C3020;" 4,97 € ";37;;;37;130;120;107;102;97;92;;92;120;"130,00%";"0,00";;;;;;;;
SRA2G25C3020RØD;KRA2G25C3020;" 7,00 € ";53;;;53;183;171;150;143;137;128;;116;171;"130,00%";"0,00";;;;;;;;
SRA1G25C3020RØD;KRA1G25C3020;" 11,13 € ";83;;;83;291;271;239;228;217;206;;206;271;"130,00%";"0,00";;;;;;;;
SRA0G25C3020RØD;KRA0G25C3020;" 19,51 € ";146;;;146;571;512;457;438;418;399;;380;512;"130,00%";"0,00";;;;;;;;
SR50x70G25C3020RØD;KR50x70G25C3020;" 8,26 € ";62;;;62;214;201;177;169;161;153;;153;201;"130,00%";"0,00";;;;;;;;
SR70x100G25C3020RØD;KR70x100G25C3020;" 14,43 € ";108;;;108;338;310;281;300;260;246;;246;310;"130,00%";"0,00";;;;;;;;
SRA4G25C5010BLÅ;KRA4G25C5010;" 3,87 € ";29;;;29;101;94;83;79;75;72;;72;94;"130,00%";"0,00";;;;;;;;
SRA3G25C5010BLÅ;KRA3G25C5010;" 4,97 € ";37;;;37;130;120;107;102;97;92;;92;120;"130,00%";"0,00";;;;;;;;
SRA2G25C5010BLÅ;KRA2G25C5010;" 7,00 € ";53;;;53;183;171;150;143;137;128;;116;171;"130,00%";"0,00";;;;;;;;
SRA1G25C5010BLÅ;KRA1G25C5010;" 11,13 € ";83;;;83;291;271;239;228;217;206;;206;271;"130,00%";"0,00";;;;;;;;
SRA0G25C5010BLÅ;KRA0G25C5010;" 19,51 € ";146;;;146;571;512;457;438;418;399;;380;512;"130,00%";"0,00";;;;;;;;
SR50x70G25C5010BLÅ;KR50x70G25C5010;" 8,26 € ";62;;;62;214;201;177;169;161;153;;153;201;"130,00%";"0,00";;;;;;;;
SR70x100G25C5010BLÅ;KR70x100G25C5010;" 14,43 € ";108;;;108;338;310;281;274;260;246;;246;310;"130,00%";"0,00";;;;;;;;
SCT4xA4PHC;SCT4xA4PHC;"139,62 €";1047;126;52;1173;2580;2320;2064;;;;;1935;2552;"110,00%";"0,00";;;;;;;;
SCT4xA4PHC9005;SCT4xA4PHC9005;"139,62 €";1047;126;52;1173;2580;2320;2064;;;;;1935;2552;"110,00%";"0,00";;;;;;;;
SCT4xA4PHC9003;SCT4xA4PHC9003;"139,62 €";1047;126;52;1173;2580;2320;2064;;;;;1935;2552;"110,00%";"0,00";;;;;;;;
SCT4xA4PHC3020;SCT4xA4PHC3020;"139,62 €";1047;126;52;1173;2580;2320;2064;;;;;1935;2552;"110,00%";"0,00";;;;;;;;
SCT4xA4PHC5010;SCT4xA4PHC5010;"139,62 €";1047;126;52;1173;2580;2320;2064;;;;;1935;2552;"110,00%";"0,00";;;;;;;;
SCT6xA4PHC;SCT6xA4PHC;"161,54 €";1212;145;61;1357;2985;2684;2388;;;;;2239;2952;"110,00%";"0,00";;;;;;;;
SCT6xA4PHC9005;SCT6xA4PHC9005;"161,54 €";1212;145;61;1357;2985;2684;2388;;;;;2239;2952;"110,00%";"0,00";;;;;;;;
SCT6xA4PHC9003;SCT6xA4PHC9003;"161,54 €";1212;145;61;1357;2985;2684;2388;;;;;2239;2952;"110,00%";"0,00";;;;;;;;
SCT6xA4PHC3020;SCT6xA4PHC3020;"161,54 €";1212;145;61;1357;2985;2684;2388;;;;;2239;2952;"110,00%";"0,00";;;;;;;;
SCT6xA4PHC5010;SCT6xA4PHC5010;"161,54 €";1212;145;61;1357;2985;2684;2388;;;;;2239;2952;"110,00%";"0,00";;;;;;;;
SCT8xA4PHC;SCT8xA4PHC;"180,98 €";1357;163;68;1520;3345;3007;2676;;;;;2508;3307;"110,00%";"0,00";;;;;;;;
SCT8xA4PHC9005;SCT8xA4PHC9005;"180,98 €";1357;163;68;1520;3345;3007;2676;;;;;2508;3307;"110,00%";"0,00";;;;;;;;
SCT8xA4PHC9003;SCT8xA4PHC9003;"180,98 €";1357;163;68;1520;3345;3007;2676;;;;;2508;3307;"110,00%";"0,00";;;;;;;;
SCT8xA4PHC3020;SCT8xA4PHC3020;"180,98 €";1357;163;68;1520;3345;3007;2676;;;;;2508;3307;"110,00%";"0,00";;;;;;;;
SCT8xA4PHC5010;SCT8xA4PHC5010;"180,98 €";1357;163;68;1520;3345;3007;2676;;;;;2508;3307;"110,00%";"0,00";;;;;;;;
SCT9xA4PHC;SCT9xA4PHC;"190,76 €";1431;172;72;1602;3525;3169;2820;;;;;2644;3486;"110,00%";"0,00";;;;;;;;
SCT9xA4PHC9005;SCT9xA4PHC9005;"190,76 €";1431;172;72;1602;3525;3169;2820;;;;;2644;3486;"110,00%";"0,00";;;;;;;;
SCT9xA4PHC9003;SCT9xA4PHC9003;"190,76 €";1431;172;72;1602;3525;3169;2820;;;;;2644;3486;"110,00%";"0,00";;;;;;;;
SCT9xA4PHC3020;SCT9xA4PHC3020;"190,76 €";1431;172;72;1602;3525;3169;2820;;;;;2644;3486;"110,00%";"0,00";;;;;;;;
SCT9xA4PHC5010;SCT9xA4PHC5010;"190,76 €";1431;172;72;1602;3525;3169;2820;;;;;2644;3486;"110,00%";"0,00";;;;;;;;
SCT12xA4PHC;SCT12xA4PHC;"224,87 €";1687;202;84;1889;4156;3736;3324;;;;;3117;4109;"110,00%";"0,00";;;;;;;;
SCT12xA4PHC9005;SCT12xA4PHC9005;"224,87 €";1687;202;84;1889;4156;3736;3324;;;;;3117;4109;"110,00%";"0,00";;;;;;;;
SCT12xA4PHC9003;SCT12xA4PHC9003;"224,87 €";1687;202;84;1889;4156;3736;3324;;;;;3117;4109;"110,00%";"0,00";;;;;;;;
SCT12xA4PHC3020;SCT12xA4PHC3020;"224,87 €";1687;202;84;1889;4156;3736;3324;;;;;3117;4109;"110,00%";"0,00";;;;;;;;
SCT12xA4PHC5010;SCT12xA4PHC5010;"224,87 €";1687;202;84;1889;4156;3736;3324;;;;;3117;4109;"110,00%";"0,00";;;;;;;;
SCT15xA4PHC;SCT15xA4PHC;"253,62 €";1902;228;95;2130;4687;4214;3750;;;;;3515;4635;"110,00%";"0,00";;;;;;;;
SCT15xA4PHC9005;SCT15xA4PHC9005;"253,62 €";1902;228;95;2130;4687;4214;3750;;;;;3515;4635;"110,00%";"0,00";;;;;;;;
SCT15xA4PHC9003;SCT15xA4PHC9003;"253,62 €";1902;228;95;2130;4687;4214;3750;;;;;3515;4635;"110,00%";"0,00";;;;;;;;
SCT15xA4PHC3020;SCT15xA4PHC3020;"253,62 €";1902;228;95;2130;4687;4214;3750;;;;;3515;4635;"110,00%";"0,00";;;;;;;;
SCT15xA4PHC5010;SCT15xA4PHC5010;"253,62 €";1902;228;95;2130;4687;4214;3750;;;;;3515;4635;"110,00%";"0,00";;;;;;;;
SCT18xA4PHC;SCT18xA4PHC;"282,43 €";2118;254;106;2372;5219;4692;4175;;;;;3914;5161;"110,00%";"0,00";;;;;;;;
SCT18xA4PHC9005;SCT18xA4PHC9005;"282,43 €";2118;254;106;2372;5219;4692;4175;;;;;3914;5161;"110,00%";"0,00";;;;;;;;
SCT18xA4PHC9003;SCT18xA4PHC9003;"282,43 €";2118;254;106;2372;5219;4692;4175;;;;;3914;5161;"110,00%";"0,00";;;;;;;;
SCT18xA4PHC3020;SCT18xA4PHC3020;"282,43 €";2118;254;106;2372;5219;4692;4175;;;;;3914;5161;"110,00%";"0,00";;;;;;;;
SCT18xA4PHC5010;SCT18xA4PHC5010;"282,43 €";2118;254;106;2372;5219;4692;4175;;;;;3914;5161;"110,00%";"0,00";;;;;;;;
SCT21xA4PHC;SCT21xA4PHC;"304,83 €";2286;274;114;2561;5633;5064;4507;;;;;4225;5571;"110,00%";"0,00";;;;;;;;
SCT21xA4PHC9005;SCT21xA4PHC9005;"304,83 €";2286;274;114;2561;5633;5064;4507;;;;;4225;5571;"110,00%";"0,00";;;;;;;;
SCT21xA4PHC9003;SCT21xA4PHC9003;"304,83 €";2286;274;114;2561;5633;5064;4507;;;;;4225;5571;"110,00%";"0,00";;;;;;;;
SCT21xA4PHC3020;SCT21xA4PHC3020;"304,83 €";2286;274;114;2561;5633;5064;4507;;;;;4225;5571;"110,00%";"0,00";;;;;;;;
SCT21xA4PHC5010;SCT21xA4PHC5010;"304,83 €";2286;274;114;2561;5633;5064;4507;;;;;4225;5571;"110,00%";"0,00";;;;;;;;
SCT24xA4PHC;SCT24xA4PHC;"342,10 €";2566;308;128;2874;6322;5683;5058;;;;;4742;6252;"110,00%";"0,00";;;;;;;;
SCT24xA4PHC9005;SCT24xA4PHC9005;"342,10 €";2566;308;128;2874;6322;5683;5058;;;;;4742;6252;"110,00%";"0,00";;;;;;;;
SCT24xA4PHC9003;SCT24xA4PHC9003;"342,10 €";2566;308;128;2874;6322;5683;5058;;;;;4742;6252;"110,00%";"0,00";;;;;;;;
SCT24xA4PHC3020;SCT24xA4PHC3020;"342,10 €";2566;308;128;2874;6322;5683;5058;;;;;4742;6252;"110,00%";"0,00";;;;;;;;
SCT24xA4PHC5010;SCT24xA4PHC5010;"342,10 €";2566;308;128;2874;6322;5683;5058;;;;;4742;6252;"110,00%";"0,00";;;;;;;;
SCT27xA4PHC;SCT27xA4PHC;"375,16 €";2814;338;141;3151;6933;6233;5546;;;;;5200;6856;"110,00%";"0,00";;;;;;;;
SCT27xA4PHC9005;SCT27xA4PHC9005;"375,16 €";2814;338;141;3151;6933;6233;5546;;;;;5200;6856;"110,00%";"0,00";;;;;;;;
SCT27xA4PHC9003;SCT27xA4PHC9003;"375,16 €";2814;338;141;3151;6933;6233;5546;;;;;5200;6856;"110,00%";"0,00";;;;;;;;
SCT27xA4PHC3020;SCT27xA4PHC3020;"375,16 €";2814;338;141;3151;6933;6233;5546;;;;;5200;6856;"110,00%";"0,00";;;;;;;;
SCT27xA4PHC5010;SCT27xA4PHC5010;"375,16 €";2814;338;141;3151;6933;6233;5546;;;;;5200;6856;"110,00%";"0,00";;;;;;;;
SCT4xA4PH;SCT4xA4PH;"€ 98,84";741;111;;741;1890;1742;1594;1520;1438;;;1371;1742;"100,00%";"0,00";;;;;;;;
SCT6xA4PH;SCT6xA4PH;"€ 116,42";873;131;;873;2227;2052;1999;1790;1694;;;1615;2052;"100,00%";"0,00";;;;;;;;
SCT8xA4PH;SCT8xA4PH;"€ 128,97";967;145;;967;2467;2273;2148;2049;1877;;;1789;2273;"100,00%";"0,00";;;;;;;;
SCT9xA4PH;SCT9xA4PH;"€ 137,57";1032;155;;1032;2631;2425;2218;2159;2002;;;1909;2425;"100,00%";"0,00";;;;;;;;
SCT12xA4PH;SCT12xA4PH;"€ 183,11";1373;206;;1373;3502;3227;3059;2815;2664;;;2541;3227;"100,00%";"0,00";;;;;;;;
SCT15xA4PH;SCT15xA4PH;"€ 212,42";1593;255;;1593;4078;3760;3441;3282;3107;;;2963;3760;"100,00%";"0,00";;;;;;;;
SCT18xA4PH;SCT18xA4PH;"€ 235,98";1770;301;;1770;4549;4195;3841;3664;3469;;;3310;4195;"100,00%";"0,00";;;;;;;;
SCT21xA4PH;SCT21xA4PH;"€ 249,80";1874;337;;1874;4834;4459;4084;3897;3691;;;3522;4459;"100,00%";"0,00";;;;;;;;
SCT24xA4PH;SCT24xA4PH;"€ 272,47";2044;388;;2044;5293;4884;4475;4271;4046;;;3862;4884;"100,00%";"0,00";;;;;;;;
SCT27xA4PH;SCT27xA4PH;"€ 297,51";2231;444;;2231;5799;5353;4907;4684;4438;;;4237;5353;"100,00%";"0,00";;;;;;;;
SCT12xA4PH+SCPOST;SCT12xA4PH+SCPOST;"€ 183,11";2383;357;;2383;6077;5600;5600;4885;4623;;;4051;5600;"100,00%";"0,00";;;;;;;;
SCT15xA4PH+SCPOST;SCT15xA4PH+SCPOST;"€ 212,42";2603;390;;2603;6638;6117;6117;5336;5050;;;4425;6117;"100,00%";"0,00";;;;;;;;
SCT18xA4PH+SCPOST;SCT18xA4PH+SCPOST;"€ 235,98";2780;417;;2780;7088;6532;6532;5698;5393;;;4725;6532;"100,00%";"0,00";;;;;;;;
SCT21xA4PH+SCPOST;SCT21xA4PH+SCPOST;"€ 249,80";2883;432;;2883;7352;6776;6776;5911;5594;;;4902;6776;"100,00%";"0,00";;;;;;;;
SCT24xA4PH+SCPOST;SCT24xA4PH+SCPOST;"€ 272,47";3053;458;;3053;7786;7175;7175;6259;5923;;;5191;7175;"100,00%";"0,00";;;;;;;;
SCT27xA4PH+SCPOST;SCT27xA4PH+SCPOST;"€ 297,51";3241;486;;3241;8265;7617;7617;6644;6288;;;5510;7617;"100,00%";"0,00";;;;;;;;
SCT12xA4PHLED+SCPOST;SCT12xA4PHLED+SCPOST;"€ 225,05";2698;540;;2698;7014;6474;6474;5665;5368;;;4721;6474;"100,00%";"0,00";;;;;;;;
SCT15xA4PHLED+SCPOST;SCT15xA4PHLED+SCPOST;"€ 259,91";2959;592;;2959;7694;7102;7102;6214;5889;;;5178;7102;"100,00%";"0,00";;;;;;;;
SCT18xA4PHLED+SCPOST;SCT18xA4PHLED+SCPOST;"€ 291,29";3194;639;;3194;8306;7667;7667;6708;6357;;;5590;7667;"100,00%";"0,00";;;;;;;;
SCT21xA4PHLED+SCPOST;SCT21xA4PHLED+SCPOST;"€ 316,31";3382;676;;3382;8794;8117;8117;7102;6730;;;5919;8117;"100,00%";"0,00";;;;;;;;
SCT24xA4PHLED+SCPOST;SCT24xA4PHLED+SCPOST;"€ 339,86";3559;712;;3559;9253;8541;8541;7473;7082;;;6228;8541;"100,00%";"0,00";;;;;;;;
SCT27xA4PHLED+SCPOST;SCT27xA4PHLED+SCPOST;"€ 371,20";3794;759;;3794;9864;9105;9105;7967;7550;;;6639;9105;"100,00%";"0,00";;;;;;;;
SRA4G32;KRA4G32;"5,00 €";38;8;2;38;101;92;83;79;75;69;;68;83;"100,00%";"0,00";;;;;;;;
SRA3G32;KRA3G32;"7,71 €";58;17;3;58;162;147;133;127;121;113;;110;133;"100,00%";"0,00";;;;;;;;
SRA2G32;KRA2G32;"9,21 €";69;28;3;69;200;183;166;159;152;142;;138;166;"100,00%";"0,00";;;;;;;;
SRA1G32;KRA1G32;"11,20 €";84;42;4;84;252;231;210;202;193;181;;176;210;"100,00%";"0,00";;;;;;;;
SRA0G32;KRA0G32;"20,26 €";152;91;8;152;471;433;395;380;365;342;;334;395;"100,00%";"0,00";;;;;;;;
SR50x70G32;KR50x70G32;"10,41 €";78;35;4;78;230;211;191;183;176;164;;160;191;"100,00%";"0,00";;;;;;;;
SR60x80G32;KR60x80G32;"21,63 €";162;97;8;162;503;462;422;406;389;365;;357;422;"100,00%";"0,00";;;;;;;;
SR70x100G32;KR70x100G32;"13,90 €";104;83;5;104;344;318;292;281;271;255;;250;292;"100,00%";"0,00";;;;;;;;
SR100x140G32;KR100x140G32;"25,00 €";188;375;9;188;844;797;750;731;713;684;;675;750;"100,00%";"0,00";;;;;;;;
SRA3R32;KRA3R32;"7,99 €";60;18;3;60;168;153;138;132;126;117;;114;138;"100,00%";"0,00";;;;;;;;
SRA2R32;KRA2R32;"10,88 €";82;33;4;82;237;216;196;188;180;167;;163;196;"100,00%";"0,00";;;;;;;;
SRA1R32;KRA1R32;"11,99 €";90;45;4;90;270;247;225;216;207;193;;189;225;"100,00%";"0,00";;;;;;;;
SRA0R32;KRA0R32;"22,08 €";166;99;8;166;513;472;431;414;397;373;;364;431;"100,00%";"0,00";;;;;;;;
SR50x70R32;KR50x70R32;"9,50 €";71;32;4;71;210;192;175;167;160;150;;146;175;"100,00%";"0,00";;;;;;;;
SR70x100R32;KR70x100R32;"14,00 €";105;21;5;105;284;257;231;221;210;194;;189;231;"100,00%";"0,00";;;;;;;;
SR100x140R32;KR100x140R32;"32,82 €";246;369;12;246;985;923;862;837;812;775;;763;862;"100,00%";"0,00";;;;;;;;
SRA4G37;KRA4G37;"8,16 €";61;122;3;61;275;260;245;239;233;223;;220;245;"100,00%";"0,00";;;;;;;;
SRA3G37;KRA3G37;"10,75 €";81;;12;81;194;185;173;165;157;145;;129;173;"100,00%";"0,00";;;;;;;;
SRA2G37;KRA2G37;"13,57 €";102;;18;102;247;237;222;212;202;186;;163;222;"100,00%";"0,00";;;;;;;;
SRA1G37;KRA1G37;"18,96 €";142;;28;142;348;334;313;299;284;263;;228;313;"100,00%";"0,00";;;;;;;;
SRA0G37;KRA0G37;"29,14 €";219;;300;219;792;770;737;715;693;661;;350;737;"100,00%";"0,00";;;;;;;;
SR50x70G37;KR50x70G37;"18,83 €";141;;28;141;346;332;311;297;282;261;;226;311;"100,00%";"0,00";;;;;;;;
SR70x100G37;KR70x100G37;"23,81 €";179;;45;179;446;429;402;384;366;339;;286;402;"100,00%";"0,00";;;;;;;;
SR100x140G37;KR100x140G37;"46,92 €";352;;300;352;1092;1057;999;969;933;881;;563;999;"100,00%";"0,00";;;;;;;;
SRA4G37WR;KRA4G37WR;"9,17 €";69;;8;69;163;156;146;139;132;122;;110;146;"100,00%";"0,00";;;;;;;;
SRA3G37WR;KRA3G37WR;"12,38 €";93;;14;93;223;214;200;190;181;167;;149;200;"100,00%";"0,00";;;;;;;;
SRA2G37WR;KRA2G37WR;"15,98 €";120;;22;120;291;279;261;249;237;219;;192;261;"100,00%";"0,00";;;;;;;;
SRA1G37WR;KRA1G37WR;"23,14 €";174;;35;174;469;449;382;364;347;321;;278;382;"100,00%";"0,00";;;;;;;;
SRA0G37WR;KRA0G37WR;"34,45 €";258;;300;258;881;856;817;791;765;726;;713;817;"100,00%";"0,00";;;;;;;;
SR50x70G37WR;KR50x70G37WR;"18,84 €";141;;28;141;346;332;311;297;283;261;;226;311;"100,00%";"0,00";;;;;;;;
SR70x100G37WR;KR70x100G37WR;"33,75 €";253;;89;253;658;633;595;570;544;506;;405;595;"100,00%";"0,00";;;;;;;;
SRA5G25;KRA5G25;" 2,81 € ";21;2;1;21;70;68;66;64;62;55;52;45;68;"100,00%";"0,00";;;;;;;;
SRA4G25;KRA4G25;" 3,21 € ";24;5;1;24;110;107;102;100;98;90;78;69;83;"100,00%";"0,00";;;;;;;;
SRA3G25;KRA3G25;" 4,14 € ";31;6;2;31;132;129;121;116;107;101;98;79;107;"100,00%";"0,00";;;;;;;;
SRA2G25;KRA2G25;" 6,68 € ";"50,10";" kr 10,02 ";" kr 2,51 ";" kr 50,10 "; 163 ; 158 ; 153 ; 143 ; 133 ; 128 ; 118 ; 113 ;" 152,81 ";"100,00%";"0,00";;;;;;;;
SRA1G25;KRA1G25;" 9,28 € ";"69,60";" kr 13,92 ";" kr 3,48 ";" kr 69,60 "; 212 ; 198 ; 191 ; 184 ; 177 ; 171 ; 164 ; 157 ;" 191,40 ";"100,00%";"0,00";;;;;;;;
SRA0G25;KRA0G25;" 16,25 € ";"121,88";" kr 60,94 ";" kr 6,09 ";" kr 121,88 "; 408 ; 384 ; 372 ; 360 ; 347 ; 335 ; 322 ; 311 ;" 371,72 ";"100,00%";"0,00";;;;;;;;
SR50x70G25;KR50x70G25;" 7,24 € ";"54,30";" kr 13,58 ";" kr 2,72 ";" kr 54,30 "; 190 ; 179 ; 174 ; 168 ; 163 ; 152 ; 141 ; 125 ;" 173,76 ";"100,00%";"0,00";;;;;;;;
SR60x80G25;KR60x80G25;" 11,50 € ";"86,25";" kr 17,25 ";" kr 4,31 ";" kr 86,25 "; 237 ; 229 ; 220 ; 211 ; 203 ; 198 ; 194 ; 194 ;" 219,94 ";"100,00%";"0,00";;;;;;;;
SR70x100G25;KR70x100G25;" 12,01 € ";"90,08";" kr 36,03 ";" kr 4,50 ";" kr 90,08 "; 288 ; 284 ; 279 ; 275 ; 266 ; 248 ; 221 ; 221 ;" 292,74 ";"100,00%";"0,00";;;;;;;;
SRA4R25;KRA4R25;" 3,36 € ";"25,20";" kr 5,04 ";" kr 1,26 ";" kr 25,20 "; 115 ; 112 ; 107 ; 105 ; 102 ; 95 ; 82 ;" 56,70 ";" 86,94 ";"100,00%";"0,00";;;;;;;;
SRA3R25;KRA3R25;" 4,61 € ";"34,58";" kr 6,92 ";" kr 1,73 ";" kr 34,58 "; 137 ; 130 ; 119 ; 109 ; 99 ; 95 ; 92 ;" 77,79 ";" 119,28 ";"100,00%";"0,00";;;;;;;;
SRA2R25;KRA2R25;" 7,01 € ";"52,58";" kr 10,52 ";" kr 2,63 ";" kr 52,58 "; 170 ; 166 ; 160 ; 149 ; 139 ; 134 ; 124 ;" 113,04 ";" 160,35 ";"100,00%";"0,00";;;;;;;;
SRA1R25;KRA1R25;" 9,98 € ";"74,85";" kr 14,97 ";" kr 3,74 ";" kr 74,85 "; 228 ; 213 ; 206 ; 183 ; 183 ; 171 ; 168 ;" 160,93 ";" 205,84 ";"100,00%";"0,00";;;;;;;;
SRA0R25;KRA0R25;" 16,98 € ";"127,35";" kr 63,68 ";" kr 6,37 ";" kr 127,35 "; 452 ; 439 ; 427 ; 414 ; 401 ; 382 ; 336 ;" 312,01 ";" 426,62 ";"100,00%";"0,00";;;;;;;;
SR50x70R25;KR50x70R25;" 8,21 € ";"61,58";" kr 12,32 ";" kr 3,08 ";" kr 61,58 "; 212 ; 200 ; 194 ; 188 ; 182 ; 169 ; 157 ;" 138,54 ";" 193,96 ";"100,00%";"0,00";;;;;;;;
SR70x100R25;KR70x100R25;" 12,56 € ";"94,20";" kr 37,68 ";" kr 4,71 ";" kr 94,20 "; 301 ; 297 ; 268 ; 250 ; 236 ; 231 ; 230 ;" 221,37 ";" 267,53 ";"100,00%";"0,00";;;;;;;;
SRA5G15;KRA5G15;" 3,74 € ";28;6;3;28;66;64;59;57;54;50;;45;59;"100,00%";"0,00";;;;;;;;
SRA4G15;KRA4G15;" 4,95 € ";37;7;3;37;99;95;89;84;80;74;;59;89;"115,00%";"0,00";;;;;;;;
SRA3G15;KRA3G15;" 6,72 € ";50;10;8;50;121;116;108;103;98;91;;81;108;"100,00%";"0,00";;;;;;;;
SRA2G15;KRA2G15;" 9,77 € ";73;15;13;73;178;171;160;152;145;134;;117;160;"100,00%";"0,00";;;;;;;;
SRA1G15;KRA1G15;" 13,97 € ";105;21;21;105;257;246;231;220;210;194;;178;231;"100,00%";"0,00";;;;;;;;
SR50x70G15;KR50x70G15;" 9,08 € ";68;14;10;68;163;157;146;140;133;123;;112;146;"100,00%";"0,00";;;;;;;;
SRA5G20;KRA5G20;" 3,01 € ";23;2;1;23;75;73;71;68;66;59;55;48;73;"100,00%";"0,00";;;;;;;;
SRA4G20;KRA4G20;" 3,73 € ";28;6;1;28;127;124;119;116;113;105;91;80;97;"100,00%";"0,00";;;;;;;;
SRA3G20;KRA3G20;" 4,85 € ";36;7;2;36;155;151;142;136;125;118;115;82;125;"100,00%";"0,00";;;;;;;;
SRA2G20;KRA2G20;" 7,01 € ";53;11;3;53;171;166;160;150;139;134;124;113;160;"100,00%";"0,00";;;;;;;;
SRA1G20;KRA1G20;" 10,80 € ";81;16;4;81;247;231;223;215;207;198;190;174;223;"100,00%";"0,00";;;;;;;;
SR50x70G20;KR50x70G20;" 8,19 € ";61;12;3;61;212;200;193;187;181;169;157;138;193;"100,00%";"0,00";;;;;;;;
SRA5R20;KRA5R20;" 3,31 € ";25;2;1;25;83;80;78;75;73;65;61;53;80;"100,00%";"0,00";;;;;;;;
SRA4R20;KRA4R20;" 4,10 € ";31;6;2;31;140;137;131;128;125;115;100;88;106;"100,00%";"0,00";;;;;;;;
SRA3R20;KRA3R20;" 5,26 € ";39;12;2;39;172;168;158;152;140;132;128;93;140;"100,00%";"0,00";;;;;;;;
SRA2R20;KRA2R20;" 7,90 € ";59;24;3;59;204;198;193;181;169;163;151;139;193;"100,00%";"0,00";;;;;;;;
SRA1R20;KRA1R20;" 11,88 € ";89;45;4;89;298;281;272;263;254;245;236;218;272;"100,00%";"0,00";;;;;;;;
SR50x70R20;KR50x70R20;" 9,82 € ";74;37;4;74;276;261;254;247;239;225;210;188;254;"100,00%";"0,00";;;;;;;;
SRA4G25GULD;KRA4G25GOLD;"6,86 €";51;10;3;64;161;145;129;122;116;106;;103;129;"100,00%";"0,00";;;;;;;;
SRA3G25GULD;KRA3G25GOLD;"9,77 €";73;22;4;99;247;223;198;188;178;163;;158;198;"100,00%";"0,00";;;;;;;;
SRA2G25GULD;KRA2G25GOLD;"13,22 €";99;40;5;144;359;323;288;273;259;237;;230;288;"100,00%";"0,00";;;;;;;;
SRA1G25GULD;KRA1G25GOLD;"17,18 €";129;64;6;200;499;449;399;379;359;330;;320;399;"100,00%";"0,00";;;;;;;;
SRA0G25GULD;KRA0G25GOLD;"29,70 €";223;134;11;368;919;827;735;698;662;606;;588;735;"100,00%";"0,00";;;;;;;;
SR50x70G25GULD;KR50x70G25GOLD;"15,13 €";113;57;6;176;440;396;352;334;317;290;;281;352;"100,00%";"0,00";;;;;;;;
SR70x100G25GULD;KR70x100G25GOLD;"24,80 €";186;130;9;326;814;732;651;618;586;537;;521;651;"100,00%";"0,00";;;;;;;;
SRA5G20SEC;KRA5G20SEC;"3,77 €";"28,28";6;3;28;80;73;66;63;;;;39;66;"100,00%";"0,00";;;;;;;;
SRA4G20SEC;KRA4G20SEC;"4,66 €";"34,95";10;4;35;102;93;85;81;78;;;52;85;"100,00%";"0,00";;;;;;;;
SRA3G20SEC;KRA3G20SEC;"6,06 €";"45,45";18;5;45;137;126;115;110;;;;72;115;"100,00%";"0,00";;;;;;;;
SRA2G20SEC;KRA2G20SEC;"8,77 €";"65,78";33;8;66;205;189;172;166;;;;111;172;"100,00%";"0,00";;;;;;;;
SRA1G20SEC;KRA1G20SEC;"13,51 €";"101,33";51;12;101;316;291;265;255;;;;171;265;"100,00%";"0,00";;;;;;;;
SRA5R20SEC;KRA5R20SEC;"4,14 €";"31,05";6;4;31;88;80;72;69;;;;43;72;"100,00%";"0,00";;;;;;;;
SRA4R20SEC;KRA4R20SEC;"5,13 €";"38,48";12;5;38;112;103;93;89;;;;57;93;"100,00%";"0,00";;;;;;;;
SRA3R20SEC;KRA3R20SEC;"6,57 €";"49,28";20;6;49;149;136;124;119;;;;78;124;"100,00%";"0,00";;;;;;;;
SEC Key;KRK;"1,48 €";"11,10";2;1;11;31;26;24;;;;;15;24;"100,00%";"0,00";;;;;;;;
SRA3G32SEC;KRA3G32SEC;"10,37 €";"77,78";23;4;78;218;198;179;171;163;152;;148;179;"100,00%";"0,00";;;;;;;;
SRA2G32SEC;KRA2G32SEC;"12,10 €";"90,75";36;5;91;263;240;218;209;200;186;;182;218;"100,00%";"0,00";;;;;;;;
SRA1G32SEC;KRA1G32SEC;"18,84 €";"141,30";71;7;141;424;389;353;339;325;304;;297;353;"100,00%";"0,00";;;;;;;;
SRA0G32SEC;KRA0G32SEC;"28,68 €";"215,10";129;11;215;667;613;559;538;516;484;;473;559;"100,00%";"0,00";;;;;;;;
SRA1R32SEC;KRA1R32SEC;"21,08 €";"158,10";79;8;158;474;435;395;379;364;340;;332;395;"100,00%";"0,00";;;;;;;;
SR70x100G32SEC;KR70x100G32SEC;"24,21 €";"181,58";145;9;182;599;554;508;490;472;445;;436;508;"100,00%";"0,00";;;;;;;;
SR50x70R32SEC;KR50x70R32SEC;"15,96 €";"119,70";54;6;120;353;323;293;281;269;251;;245;293;"100,00%";"0,00";;;;;;;;
SR70x100R32SEC;KR70x100R32SEC;"25,17 €";"188,78";151;9;189;623;576;529;510;491;462;;453;529;"100,00%";"0,00";;;;;;;;
C110;C110;"1,12 €";"8,40";1;;" kr 9,41 ";" kr 22,11 ";" kr 20,79 ";" kr 17,97 ";" kr 16,75 ";" kr 14,11 ";;;" kr 14,58 ";" kr 20,79 ";"100,00%";"0,00";;;;;;;;
2C110;2C110;"3,03 €";"22,73";3;;" kr 25,45 ";" kr 58,54 ";" kr 53,45 ";" kr 45,30 ";" kr 42,76 ";" kr 38,18 ";;;" kr 40,72 ";" kr 53,45 ";"100,00%";"0,00";;;;;;;;
2C112;2C112;"3,43 €";"25,73";3;;" kr 28,81 ";" kr 69,15 ";" kr 59,06 ";" kr 48,98 ";" kr 44,66 ";" kr 43,22 ";;;" kr 43,22 ";" kr 59,06 ";"100,00%";"0,00";;;;;;;;
3C104;3C104;"4,09 €";"30,68";4;;" kr 34,36 ";" kr 75,58 ";" kr 65,28 ";" kr 61,84 ";" kr 54,97 ";" kr 51,53 ";;;" kr 48,10 ";" kr 65,28 ";"100,00%";"0,00";;;;;;;;
4C110;4C110;"4,12 €";"30,90";4;;" kr 34,61 ";" kr 83,06 ";" kr 76,14 ";" kr 58,83 ";" kr 53,64 ";" kr 51,91 ";;;" kr 51,91 ";" kr 76,14 ";"100,00%";"0,00";;;;;;;;
3C110H;3C110H;"3,51 €";"26,33";3;;" kr 29,48 ";" kr 70,76 ";" kr 67,81 ";" kr 64,86 ";" kr 48,65 ";" kr 45,67 ";;;" kr 45,67 ";" kr 67,81 ";"100,00%";"0,00";;;;;;;;
W110;W110;"1,49 €";"11,18";1;;" kr 12,52 ";" kr 27,54 ";" kr 25,03 ";" kr 23,91 ";" kr 22,28 ";" kr 18,77 ";;;" kr 18,77 ";" kr 25,03 ";"100,00%";"0,00";;;;;;;;
Taymar CL230;CL230;"3,79 €";"28,43";3;;" kr 31,84 ";" kr 55,71 ";" kr 54,12 ";" kr 52,53 ";" kr 50,94 ";" kr 47,75 ";;;" kr 46,16 ";" kr 54,12 ";"100,00%";"0,00";;;;;;;;
CLA5;CLA5;"2,67 €";"20,03";2;;" kr 22,43 ";" kr 53,83 ";" kr 47,10 ";" kr 44,86 ";" kr 37,01 ";" kr 33,53 ";;;" kr 33,53 ";" kr 47,10 ";"100,00%";"0,00";;;;;;;;
C160;C160;"1,64 €";"12,30";1;;" kr 13,78 ";" kr 32,37 ";" kr 30,44 ";" kr 26,31 ";" kr 24,52 ";" kr 20,66 ";;;" kr 21,35 ";" kr 30,44 ";"100,00%";"0,00";;;;;;;;
2C155H;2C155H;"3,51 €";"26,33";3;;" kr 29,48 ";" kr 67,81 ";" kr 61,92 ";" kr 52,48 ";" kr 49,53 ";" kr 44,23 ";;;" kr 47,17 ";" kr 61,92 ";"100,00%";"0,00";;;;;;;;
W160;W160;"1,92 €";"14,40";2;;" kr 16,13 ";" kr 37,09 ";" kr 33,87 ";" kr 28,71 ";" kr 27,10 ";" kr 24,19 ";;;" kr 23,71 ";" kr 33,87 ";"100,00%";"0,00";;;;;;;;
2C160;2C160;"3,67 €";"27,53";3;;" kr 30,83 ";" kr 70,90 ";" kr 64,74 ";" kr 54,87 ";" kr 51,79 ";" kr 46,24 ";;;" kr 49,32 ";" kr 64,74 ";"100,00%";"0,00";;;;;;;;
3C160;3C160;"4,51 €";"33,83";4;;" kr 37,88 ";" kr 87,13 ";" kr 79,56 ";" kr 67,43 ";" kr 63,65 ";" kr 56,83 ";;;" kr 60,61 ";" kr 79,56 ";"100,00%";"0,00";;;;;;;;
4C160;4C160;"4,97 €";"37,28";4;;" kr 41,75 ";" kr 96,02 ";" kr 87,67 ";" kr 74,31 ";" kr 70,14 ";" kr 62,62 ";;;" kr 66,80 ";" kr 87,67 ";"100,00%";"0,00";;;;;;;;
2C155H;2C155H;"3,18 €";"23,85";3;;" kr 26,71 ";" kr 61,44 ";" kr 56,10 ";" kr 47,55 ";" kr 44,88 ";" kr 40,07 ";;;" kr 42,74 ";" kr 56,10 ";"100,00%";"0,00";;;;;;;;
CLA5;CLA5;"2,67 €";"20,03";2;;" kr 22,43 ";" kr 51,58 ";" kr 47,10 ";" kr 39,92 ";" kr 37,68 ";" kr 33,64 ";;;" kr 35,88 ";" kr 47,10 ";"100,00%";"0,00";;;;;;;;
W160;W160;"1,92 €";"14,40";2;;" kr 16,13 ";" kr 37,09 ";" kr 33,87 ";" kr 28,71 ";" kr 27,10 ";" kr 24,19 ";;;" kr 25,80 ";" kr 33,87 ";"100,00%";"0,00";;;;;;;;
2W155H;2W155H;"3,74 €";"28,05";3;;" kr 31,42 ";" kr 72,26 ";" kr 65,97 ";" kr 55,92 ";" kr 52,78 ";" kr 47,12 ";;;" kr 50,27 ";" kr 65,97 ";"100,00%";"0,00";;;;;;;;
WLA5;WLA5;"2,67 €";"20,03";2;;" kr 22,43 ";" kr 51,58 ";" kr 47,10 ";" kr 40,37 ";" kr 39,25 ";" kr 37,01 ";;;" kr 35,88 ";" kr 47,10 ";"100,00%";"0,00";;;;;;;;
W160X;W160X;"1,85 €";"13,88";2;;" kr 15,54 ";" kr 35,74 ";" kr 32,63 ";" kr 27,66 ";" kr 26,11 ";" kr 23,31 ";;;" kr 24,86 ";" kr 32,63 ";"100,00%";"0,00";;;;;;;;
C230;C230;"2,93 €";"21,98";3;;" kr 24,61 ";" kr 39,95 ";" kr 46,70 ";" kr 45,29 ";" kr 43,87 ";" kr 42,46 ";;;" kr 42,46 ";" kr 46,70 ";"115,00%";"0,00";;;;;;;;
2C230;2C230;"7,54 €";"56,55";7;;" kr 63,34 ";" kr 145,67 ";" kr 133,01 ";" kr 112,74 ";" kr 106,40 ";" kr 95,00 ";;;" kr 101,34 ";" kr 133,01 ";"100,00%";"0,00";;;;;;;;
3C230;3C230;"10,47 €";"78,53";9;;" kr 87,95 ";" kr 184,69 ";" kr 175,90 ";" kr 167,10 ";" kr 153,91 ";" kr 136,32 ";;;" kr 131,92 ";" kr 175,90 ";"100,00%";"0,00";;;;;;;;
3W230;3W230;"13,41 €";"100,58";12;;" kr 112,64 ";" kr 246,69 ";" kr 236,55 ";" kr 200,51 ";" kr 189,24 ";" kr 168,97 ";;;" kr 180,23 ";" kr 236,55 ";"100,00%";"0,00";;;;;;;;
C330;C330;"3,41 €";"25,58";3;;" kr 28,64 ";" kr 65,88 ";" kr 60,15 ";" kr 50,99 ";" kr 48,12 ";" kr 42,97 ";;;" kr 45,83 ";" kr 60,15 ";"100,00%";"0,00";;;;;;;;
W230;W230;"3,37 €";"25,28";3;;" kr 28,31 ";" kr 70,77 ";" kr 59,45 ";" kr 50,95 ";" kr 48,12 ";" kr 45,29 ";;;" kr 43,88 ";" kr 59,45 ";"100,00%";"0,00";;;;;;;;
W330;W330;"3,36 €";"25,20";3;;" kr 28,22 ";" kr 64,92 ";" kr 59,27 ";" kr 50,24 ";" kr 47,42 ";" kr 42,34 ";;;" kr 45,16 ";" kr 59,27 ";"100,00%";"0,00";;;;;;;;
FBN60x45/GRÅ;FBN45x60GREY;" 11,04 € ";"82,80";" kr 120,00 ";;" kr 82,80 ";349;344;335;327;319;;;286;344;"100,00%";"0,00";;;;;;;;
FBN90x60/GRÅ;FBN60x90GREY;" 18,58 € ";"139,35";" kr 120,00 ";;" kr 139,35 ";506;496;482;468;454;;;399;496;"100,00%";"0,00";;;;;;;;
FBN120x90/GRÅ;FBN90x120GREY;" 36,92 € ";"276,90";" kr 160,00 ";;" kr 276,90 ";927;908;880;852;825;;;714;908;"100,00%";"0,00";;;;;;;;
FBN180x90/GRÅ;FBN90x180GREY;" 55,23 € ";"414,23";" kr 320,00 ";;" kr 414,23 ";1467;1438;1397;1356;1314;;;1148;1438;"100,00%";"0,00";;;;;;;;
FBN150x100/GRÅ;FBN100x150GREY;" 48,29 € ";"362,18";" kr 310,00 ";;" kr 362,18 ";1313;1288;1252;949;1179;;;1034;1288;"100,00%";"0,00";;;;;;;;
FBN200x100/GRÅ;FBN100x200GREY;" 65,53 € ";"491,48";" kr 600,00 ";;" kr 491,48 ";1961;1927;1878;1349;1319;;;1583;1927;"100,00%";"0,00";;;;;;;;
FBN60x45/BLÅ;FBN45x60BLUE;" 11,04 € ";"82,80";" kr 120,00 ";;" kr 82,80 ";349;344;335;327;319;;;286;344;"100,00%";"0,00";;;;;;;;
FBN90x60/BLÅ;FBN60x90BLUE;" 18,58 € ";"139,35";" kr 120,00 ";;" kr 139,35 ";506;496;482;468;454;;;399;496;"100,00%";"0,00";;;;;;;;
FBN120x90/BLÅ;FBN90x120BLUE;" 36,92 € ";"276,90";" kr 160,00 ";;" kr 276,90 ";927;908;880;852;825;;;714;908;"100,00%";"0,00";;;;;;;;
FBN180x90/BLÅ;FBN90x180BLUE;" 53,23 € ";"399,23";" kr 320,00 ";;" kr 399,23 ";1426;1398;1358;1318;1278;;;1118;1398;"100,00%";"0,00";;;;;;;;
FBN150x100/BLÅ;FBN100x150BLUE;" 48,29 € ";"362,18";" kr 310,00 ";;" kr 362,18 ";1313;1288;1252;949;1179;;;1031;1288;"100,00%";"0,00";;;;;;;;
FBN200x100/BLÅ;FBN100x200BLUE;" 65,53 € ";"491,48";" kr 600,00 ";;" kr 491,48 ";1961;1927;1878;1349;1319;;;1578;1927;"100,00%";"0,00";;;;;;;;
FBN60x45/RØD;FBN45x60RED;" 11,04 € ";"82,80";" kr 120,00 ";;" kr 82,80 ";349;344;335;327;319;;;286;344;"100,00%";"0,00";;;;;;;;
FBN120x90/RØD;FBN90x120RED;" 27,27 € ";"204,53";" kr 160,00 ";;" kr 204,53 ";727;712;692;671;651;;;569;712;"100,00%";"0,00";;;;;;;;
FBN180x90/RØD;FBN90x180RED;" 41,37 € ";"310,28";" kr 320,00 ";;" kr 310,28 ";1179;1158;1127;1096;1065;;;941;1158;"100,00%";"0,00";;;;;;;;
FBN150x100/RØD;FBN100x150RED;" 42,36 € ";"317,70";" kr 310,00 ";;" kr 317,70 ";1190;1168;1136;949;1072;;;942;1168;"100,00%";"0,00";;;;;;;;
FBN200x100/RØD;FBN100x200RED;" 40,83 € ";"306,23";" kr 600,00 ";;" kr 306,23 ";1448;1427;1396;1349;1319;;;1209;1427;"100,00%";"0,00";;;;;;;;
FBN60x45/GRØN;FBN45x60GREEN;" 11,04 € ";"82,80";" kr 120,00 ";;" kr 82,80 ";349;344;335;327;319;;;286;344;"100,00%";"0,00";;;;;;;;
FBN120x90/GRØN;FBN90x120GREEN;" 27,27 € ";"204,53";" kr 160,00 ";;" kr 204,53 ";727;712;692;671;651;;;569;712;"100,00%";"0,00";;;;;;;;
FBN180x90/GRØN;FBN90x180GREEN;" 45,40 € ";"340,50";" kr 320,00 ";;" kr 340,50 ";1263;1239;1205;1171;1137;;;1001;1239;"100,00%";"0,00";;;;;;;;
FBN150x100/GRØN;FBN100x150GREEN;" 29,92 € ";"224,40";" kr 310,00 ";;" kr 224,40 ";932;916;893;949;849;;;757;916;"100,00%";"0,00";;;;;;;;
FBN200x100/GRØN;FBN100x200GREEN;" 40,83 € ";"306,23";" kr 600,00 ";;" kr 306,23 ";1448;1427;1396;1349;1319;;;1209;1427;"100,00%";"0,00";;;;;;;;
CBN60x45;CBN45x60;" 10,16 € ";"76,20";" kr 120,00 ";;" kr 76,20 ";331;326;318;311;303;;;272;326;"100,00%";"0,00";;;;;;;;
CBN90x60;CBN60x90;" 17,73 € ";"132,98";" kr 120,00 ";;" kr 132,98 ";488;479;466;452;439;;;386;479;"100,00%";"0,00";;;;;;;;
CBN120x90;CBN90x120;" 36,24 € ";"271,80";" kr 160,00 ";;" kr 271,80 ";913;894;867;840;812;;;704;894;"100,00%";"0,00";;;;;;;;
CBN180x90;CBN90x180;" 52,84 € ";"396,30";" kr 320,00 ";;" kr 396,30 ";1430;1390;1350;1311;1271;;;1113;1390;"100,00%";"0,00";;;;;;;;
CBN150x100;CBN100x150;" 46,05 € ";"345,38";" kr 400,00 ";;" kr 345,38 ";1367;1333;1298;1263;1229;;;1087;1333;"100,00%";"0,00";;;;;;;;
CBN200x100;CBN100x200;" 60,64 € ";"454,80";" kr 600,00 ";;" kr 454,80 ";1873;1828;1782;1737;1692;;;1505;1828;"100,00%";"0,00";;;;;;;;
WBNECS60x45;WBNECS60x45;"9,27 €";"69,53";" kr 120,00 ";;" kr 69,53 ";313;308;301;294;287;;;259;308;"100,00%";"0,00";;;;;;;;
WBNECS90x60;WBNECS90x60;" 15,75 € ";"118,13";" kr 120,00 ";;" kr 118,13 ";447;439;427;415;404;;;356;439;"100,00%";"0,00";;;;;;;;
WBNECS120x90;WBNECS90x120;" 29,59 € ";"221,93";" kr 160,00 ";;" kr 381,93 ";775;759;737;715;693;;;604;759;"100,00%";"0,00";;;;;;;;
WBNECS180x90;WBNECS90x180;" 53,49 € ";"401,18";" kr 320,00 ";;" kr 721,18 ";1443;1403;1363;1323;1283;;;1122;1403;"100,00%";"0,00";;;;;;;;
WBNECS150x100;WBNECS100x150;" 50,49 € ";"378,68";" kr 400,00 ";;" kr 778,68 ";1460;1422;1385;1347;1309;;;1154;1422;"100,00%";"0,00";;;;;;;;
MAGNETS20;MAGNETS20;"1,58 €";"11,85";"4,74";" kr 0,59 ";" kr 11,85 ";39;;;;;;;31;" kr 38,51 ";"100,00%";"0,00";;;;;;;;
MAGNETS20BLÅ;MAGNETS20BLUE;"1,58 €";"11,85";"4,74";" kr 0,59 ";" kr 11,85 ";39;;;;;;;31;" kr 38,51 ";"100,00%";"0,00";;;;;;;;
MAGNETS20HVID;MAGNETS20WHITE;"1,58 €";"11,85";"4,74";" kr 0,59 ";" kr 11,85 ";39;;;;;;;31;" kr 38,51 ";"100,00%";"0,00";;;;;;;;
MAGNETS20RØD;MAGNETS20RED;"1,58 €";"11,85";"4,74";" kr 0,59 ";" kr 11,85 ";39;;;;;;;31;" kr 38,51 ";"100,00%";"0,00";;;;;;;;
MAGNETS20SORT;MAGNETS20BLACK;"1,58 €";"11,85";"4,74";" kr 0,59 ";" kr 11,85 ";39;;;;;;;31;" kr 38,51 ";"100,00%";"0,00";;;;;;;;
SETFIXWB;SETFIXWB;"1,94 €";"14,55";"5,82";" kr 0,73 ";" kr 14,55 ";47;46;43;;;;;39;" kr 45,83 ";"100,00%";"0,00";;;;;;;;
SETPINS;SETPINS;"0,73";"5,48";"1,10";" kr 0,27 ";" kr 5,48 ";17;;;;;;;13;" kr 16,70 ";"100,00%";"0,00";;;;;;;;
WBCLEANER;WBCLEANER;"4,07";"30,53";"6,11";" kr 1,53 ";" kr 30,53 ";67;61;55;;;;;49;61;"100,00%";"0,00";;;;;;;;
WBERASER;WBERASER;"0,74";"5,55";"2,22";" kr 0,28 ";" kr 5,55 ";25;21;19;;;;; kr 12 ;" kr 20,81 ";"100,00%";"0,00";;;;;;;;
SS86x55;SS86x55;"2,95 €";"22,13";3;" kr 1,11 ";" kr 22,13 ";59;54;48;46;44;40;;39;48;"100,00%";"0,00";;;;;;;;
SS100x200;SS100x200;"3,91 €";"29,33";4;" kr 1,47 ";" kr 29,33 ";78;71;64;61;58;53;;52;64;"100,00%";"0,00";;;;;;;;
SS50x148;SS50x148;"3,49 €";"26,18";3;" kr 1,31 ";" kr 26,18 ";70;63;57;54;52;48;;46;57;"100,00%";"0,00";;;;;;;;
SS105x297;SS105x297;"4,04 €";"30,30";4;" kr 1,52 ";" kr 30,30 ";81;73;66;63;60;55;;54;66;"100,00%";"0,00";;;;;;;;
SS155x155;SS155x155;"4,02 €";"30,15";4;" kr 1,51 ";" kr 30,15 ";81;73;65;62;59;55;;53;65;"100,00%";"0,00";;;;;;;;
SS170x160;SS170x160;"4,22 €";"31,65";4;" kr 1,58 ";" kr 31,65 ";85;77;69;66;62;58;;56;69;"100,00%";"0,00";;;;;;;;
SS170x120;SS170x120;"4,06 €";"30,45";4;" kr 1,52 ";" kr 30,45 ";81;74;66;63;60;55;;54;66;"100,00%";"0,00";;;;;;;;
SS200x200;SS200x200;"4,53 €";"33,98";4;" kr 1,70 ";" kr 33,98 ";91;82;74;70;67;62;;60;74;"100,00%";"0,00";;;;;;;;
SSA6;SSA6;"3,62 €";"27,15";3;" kr 1,36 ";" kr 27,15 ";72;66;59;56;53;49;;48;59;"100,00%";"0,00";;;;;;;;
SSA5;SSA5;"4,09 €";"30,68";4;" kr 1,53 ";" kr 30,68 ";82;74;67;63;60;56;;54;67;"100,00%";"0,00";;;;;;;;
SSA4;SSA4;"4,84 €";"36,30";4;" kr 1,82 ";" kr 36,30 ";97;88;79;75;72;66;;64;79;"100,00%";"0,00";;;;;;;;
CHMARK15;CHMARK15;"1,77 €";"13,28";"1,99";" kr 1,33 ";" kr 13,28 ";" kr 30,5 ";" kr 25,2 ";;;;;;" kr 22,6 ";;;"0,00";;;;;;;;
CHMARK15/BLÅ;CHMARK15DARKBLUE;"1,77 €";"13,28";"1,99";" kr 1,33 ";" kr 13,28 ";" kr 30,5 ";" kr 25,2 ";;;;;;" kr 22,6 ";;;"0,00";;;;;;;;
CHMARK15/GRØN;CHMARK15DARKGREEN;"1,77 €";"13,28";"1,99";" kr 1,33 ";" kr 13,28 ";" kr 30,5 ";" kr 25,2 ";;;;;;" kr 22,6 ";;;"0,00";;;;;;;;
CHMARK15/ORANGE;CHMARK15ORANGE;"1,77 €";"13,28";"1,99";" kr 1,33 ";" kr 13,28 ";" kr 30,5 ";" kr 25,2 ";;;;;;" kr 22,6 ";;;"0,00";;;;;;;;
CHMARK15/LYSERØD;CHMARK15PINK;"1,77 €";"13,28";"1,99";" kr 1,33 ";" kr 13,28 ";" kr 30,5 ";" kr 25,2 ";;;;;;" kr 22,6 ";;;"0,00";;;;;;;;
CHMARK15/LILLA;CHMARK15PURPLE;"1,77 €";"13,28";"1,99";" kr 1,33 ";" kr 13,28 ";" kr 30,5 ";" kr 25,2 ";;;;;;" kr 22,6 ";;;"0,00";;;;;;;;
CHMARK15/RØD;CHMARK15RED;"1,77 €";"13,28";"1,99";" kr 1,33 ";" kr 13,28 ";" kr 30,5 ";" kr 25,2 ";;;;;;" kr 22,6 ";;;"0,00";;;;;;;;
CHMARK15/HVID;CHMARK15WHITE;"1,77 €";"13,28";"1,99";" kr 1,33 ";" kr 13,28 ";" kr 30,5 ";" kr 25,2 ";;;;;;" kr 22,6 ";;;"0,00";;;;;;;;
CHMARK15/GUL;CHMARK15YELLOW;"1,77 €";"13,28";"1,99";" kr 1,33 ";" kr 13,28 ";" kr 30,5 ";" kr 25,2 ";;;;;;" kr 22,6 ";;;"0,00";;;;;;;;
CHMARK3;CHMARK3;" 0,94 € ";"7,02";"1,05";" kr 0,70 ";" kr 7,02 ";" kr 19,7 ";" kr 16,1 ";;;;;;" kr 14,0 ";;;"0,00";;;;;;;;
CHMARK3/BLÅ;CHMARK3DARKBLUE;" 0,94 € ";"7,02";"1,05";" kr 0,70 ";" kr 7,02 ";" kr 19,7 ";" kr 16,1 ";;;;;;" kr 14,0 ";;;"0,00";;;;;;;;
CHMARK3/GRØN;CHMARK3DARKGREEN;" 0,94 € ";"7,02";"1,05";" kr 0,70 ";" kr 7,02 ";" kr 19,7 ";" kr 16,1 ";;;;;;" kr 14,0 ";;;"0,00";;;;;;;;
CHMARK3/ORANGE;CHMARK3ORANGE;" 0,94 € ";"7,02";"1,05";" kr 0,70 ";" kr 7,02 ";" kr 19,7 ";" kr 16,1 ";;;;;;" kr 14,0 ";;;"0,00";;;;;;;;
CHMARK3/LYSERØD;CHMARK3PINK;" 0,94 € ";"7,02";"1,05";" kr 0,70 ";" kr 7,02 ";" kr 19,7 ";" kr 16,1 ";;;;;;" kr 14,0 ";;;"0,00";;;;;;;;
CHMARK3/LILLA;CHMARK3PURPLE;" 0,94 € ";"7,02";"1,05";" kr 0,70 ";" kr 7,02 ";" kr 19,7 ";" kr 16,1 ";;;;;;" kr 14,0 ";;;"0,00";;;;;;;;
CHMARK3/RØD;CHMARK3RED;" 0,94 € ";"7,02";"1,05";" kr 0,70 ";" kr 7,02 ";" kr 19,7 ";" kr 16,1 ";;;;;;" kr 14,0 ";;;"0,00";;;;;;;;
CHMARK3/HVID;CHMARK3WHITE;" 0,94 € ";"7,02";"1,05";" kr 0,70 ";" kr 7,02 ";" kr 19,7 ";" kr 16,1 ";;;;;;" kr 14,0 ";;;"0,00";;;;;;;;
CHMARK3/GUL;CHMARK3YELLOW;" 0,94 € ";"7,02";"1,05";" kr 0,70 ";" kr 7,02 ";" kr 19,7 ";" kr 16,1 ";;;;;;" kr 14,0 ";;;"0,00";;;;;;;;
